PurchaseOrderID,SupplierID,OrderDate,DeliveryMethodID,ContactPersonID,ExpectedDeliveryDate,SupplierReference,IsOrderFinalized,Comments,InternalComments,LastEditedBy,LastEditedWhen,PurchaseOrderLineID,StockItemID,OrderedOuters,Description,ReceivedOuters,PackageTypeID,ExpectedUnitPricePerOuter,LastReceiptDate,IsOrderLineFinalized,Right_LastEditedBy,Right_LastEditedWhen
1975,4,4/1/2022,7,2,4/21/2022,293092,1,NULL,NULL,8,4/4/2022 7:00,7951,77,3167,"""The Gu"" red shirt XML tag t-shirt (White) XXS",3167,6,84,4/4/2022,1,8,4/4/2022 7:00
1975,4,4/1/2022,7,2,4/21/2022,293092,1,NULL,NULL,8,4/4/2022 7:00,7952,78,3450,"""The Gu"" red shirt XML tag t-shirt (White) XS",3450,6,84,4/4/2022,1,8,4/4/2022 7:00
1975,4,4/1/2022,7,2,4/21/2022,293092,1,NULL,NULL,8,4/4/2022 7:00,7953,80,1717,"""The Gu"" red shirt XML tag t-shirt (White) M",1717,6,84,4/4/2022,1,8,4/4/2022 7:00
1975,4,4/1/2022,7,2,4/21/2022,293092,1,NULL,NULL,8,4/4/2022 7:00,7954,86,3565,"""The Gu"" red shirt XML tag t-shirt (White) 5XL",3565,6,96,4/4/2022,1,8,4/4/2022 7:00
1975,4,4/1/2022,7,2,4/21/2022,293092,1,NULL,NULL,8,4/4/2022 7:00,7955,95,1702,"""The Gu"" red shirt XML tag t-shirt (Black) XL",1702,6,90,4/4/2022,1,8,4/4/2022 7:00
1975,4,4/1/2022,7,2,4/21/2022,293092,1,NULL,NULL,8,4/4/2022 7:00,7956,98,3508,"""The Gu"" red shirt XML tag t-shirt (Black) 4XL",3508,6,96,4/4/2022,1,8,4/4/2022 7:00
1976,7,4/1/2022,2,2,4/21/2022,BC0280982,1,NULL,NULL,8,4/4/2022 7:00,7957,184,1513,Shipping carton (Brown) 305x305x305mm,1513,7,47.5,4/4/2022,1,8,4/4/2022 7:00
1976,7,4/1/2022,2,2,4/21/2022,BC0280982,1,NULL,NULL,8,4/4/2022 7:00,7958,193,2637,Black and orange glass with care despatch tape 48mmx75m,2637,7,38.4,4/4/2022,1,8,4/4/2022 7:00
1976,7,4/1/2022,2,2,4/21/2022,BC0280982,1,NULL,NULL,8,4/4/2022 7:00,7959,204,3036,Tape dispenser (Red),3036,7,170,4/4/2022,1,8,4/4/2022 7:00
1977,4,4/2/2022,7,2,4/9/2022,293092,1,NULL,NULL,8,4/4/2022 7:00,7960,78,9,"""The Gu"" red shirt XML tag t-shirt (White) XS",9,6,84,4/4/2022,1,8,4/4/2022 7:00
1977,4,4/2/2022,7,2,4/9/2022,293092,1,NULL,NULL,8,4/4/2022 7:00,7961,98,17,"""The Gu"" red shirt XML tag t-shirt (Black) 4XL",17,6,96,4/4/2022,1,8,4/4/2022 7:00
1978,4,4/4/2022,7,2,4/24/2022,293092,1,NULL,NULL,10,4/5/2022 7:00,7962,77,3168,"""The Gu"" red shirt XML tag t-shirt (White) XXS",3168,6,84,4/5/2022,1,10,4/5/2022 7:00
1978,4,4/4/2022,7,2,4/24/2022,293092,1,NULL,NULL,10,4/5/2022 7:00,7963,78,3458,"""The Gu"" red shirt XML tag t-shirt (White) XS",3458,6,84,4/5/2022,1,10,4/5/2022 7:00
1978,4,4/4/2022,7,2,4/24/2022,293092,1,NULL,NULL,10,4/5/2022 7:00,7964,80,1711,"""The Gu"" red shirt XML tag t-shirt (White) M",1711,6,84,4/5/2022,1,10,4/5/2022 7:00
1978,4,4/4/2022,7,2,4/24/2022,293092,1,NULL,NULL,10,4/5/2022 7:00,7965,86,3562,"""The Gu"" red shirt XML tag t-shirt (White) 5XL",3562,6,96,4/5/2022,1,10,4/5/2022 7:00
1978,4,4/4/2022,7,2,4/24/2022,293092,1,NULL,NULL,10,4/5/2022 7:00,7966,95,1715,"""The Gu"" red shirt XML tag t-shirt (Black) XL",1715,6,90,4/5/2022,1,10,4/5/2022 7:00
1978,4,4/4/2022,7,2,4/24/2022,293092,1,NULL,NULL,10,4/5/2022 7:00,7967,98,3524,"""The Gu"" red shirt XML tag t-shirt (Black) 4XL",3524,6,96,4/5/2022,1,10,4/5/2022 7:00
1979,7,4/4/2022,2,2,4/24/2022,BC0280982,1,NULL,NULL,10,4/5/2022 7:00,7968,184,1508,Shipping carton (Brown) 305x305x305mm,1508,7,47.5,4/5/2022,1,10,4/5/2022 7:00
1979,7,4/4/2022,2,2,4/24/2022,BC0280982,1,NULL,NULL,10,4/5/2022 7:00,7969,193,2640,Black and orange glass with care despatch tape 48mmx75m,2640,7,38.4,4/5/2022,1,10,4/5/2022 7:00
1979,7,4/4/2022,2,2,4/24/2022,BC0280982,1,NULL,NULL,10,4/5/2022 7:00,7970,204,3034,Tape dispenser (Red),3034,7,170,4/5/2022,1,10,4/5/2022 7:00
1980,4,4/5/2022,7,2,4/25/2022,293092,1,NULL,NULL,17,4/6/2022 7:00,7971,77,3166,"""The Gu"" red shirt XML tag t-shirt (White) XXS",3166,6,84,4/6/2022,1,17,4/6/2022 7:00
1980,4,4/5/2022,7,2,4/25/2022,293092,1,NULL,NULL,17,4/6/2022 7:00,7972,78,3475,"""The Gu"" red shirt XML tag t-shirt (White) XS",3475,6,84,4/6/2022,1,17,4/6/2022 7:00
1980,4,4/5/2022,7,2,4/25/2022,293092,1,NULL,NULL,17,4/6/2022 7:00,7973,80,1715,"""The Gu"" red shirt XML tag t-shirt (White) M",1715,6,84,4/6/2022,1,17,4/6/2022 7:00
1980,4,4/5/2022,7,2,4/25/2022,293092,1,NULL,NULL,17,4/6/2022 7:00,7974,86,3561,"""The Gu"" red shirt XML tag t-shirt (White) 5XL",3561,6,96,4/6/2022,1,17,4/6/2022 7:00
1980,4,4/5/2022,7,2,4/25/2022,293092,1,NULL,NULL,17,4/6/2022 7:00,7975,95,1711,"""The Gu"" red shirt XML tag t-shirt (Black) XL",1711,6,90,4/6/2022,1,17,4/6/2022 7:00
1980,4,4/5/2022,7,2,4/25/2022,293092,1,NULL,NULL,17,4/6/2022 7:00,7976,98,3522,"""The Gu"" red shirt XML tag t-shirt (Black) 4XL",3522,6,96,4/6/2022,1,17,4/6/2022 7:00
1981,7,4/5/2022,2,2,4/25/2022,BC0280982,1,NULL,NULL,17,4/6/2022 7:00,7977,184,1507,Shipping carton (Brown) 305x305x305mm,1507,7,47.5,4/6/2022,1,17,4/6/2022 7:00
1981,7,4/5/2022,2,2,4/25/2022,BC0280982,1,NULL,NULL,17,4/6/2022 7:00,7978,193,2655,Black and orange glass with care despatch tape 48mmx75m,2655,7,38.4,4/6/2022,1,17,4/6/2022 7:00
1981,7,4/5/2022,2,2,4/25/2022,BC0280982,1,NULL,NULL,17,4/6/2022 7:00,7979,204,3042,Tape dispenser (Red),3042,7,170,4/6/2022,1,17,4/6/2022 7:00
1982,4,4/6/2022,7,2,4/26/2022,293092,1,NULL,NULL,4,4/7/2022 7:00,7980,77,3174,"""The Gu"" red shirt XML tag t-shirt (White) XXS",3174,6,84,4/7/2022,1,4,4/7/2022 7:00
1982,4,4/6/2022,7,2,4/26/2022,293092,1,NULL,NULL,4,4/7/2022 7:00,7981,78,3473,"""The Gu"" red shirt XML tag t-shirt (White) XS",3473,6,84,4/7/2022,1,4,4/7/2022 7:00
1982,4,4/6/2022,7,2,4/26/2022,293092,1,NULL,NULL,4,4/7/2022 7:00,7982,80,1711,"""The Gu"" red shirt XML tag t-shirt (White) M",1711,6,84,4/7/2022,1,4,4/7/2022 7:00
1982,4,4/6/2022,7,2,4/26/2022,293092,1,NULL,NULL,4,4/7/2022 7:00,7983,86,3559,"""The Gu"" red shirt XML tag t-shirt (White) 5XL",3559,6,96,4/7/2022,1,4,4/7/2022 7:00
1982,4,4/6/2022,7,2,4/26/2022,293092,1,NULL,NULL,4,4/7/2022 7:00,7984,95,1707,"""The Gu"" red shirt XML tag t-shirt (Black) XL",1707,6,90,4/7/2022,1,4,4/7/2022 7:00
1982,4,4/6/2022,7,2,4/26/2022,293092,1,NULL,NULL,4,4/7/2022 7:00,7985,98,3524,"""The Gu"" red shirt XML tag t-shirt (Black) 4XL",3524,6,96,4/7/2022,1,4,4/7/2022 7:00
1983,7,4/6/2022,2,2,4/26/2022,BC0280982,1,NULL,NULL,4,4/7/2022 7:00,7986,184,1504,Shipping carton (Brown) 305x305x305mm,1504,7,47.5,4/7/2022,1,4,4/7/2022 7:00
1983,7,4/6/2022,2,2,4/26/2022,BC0280982,1,NULL,NULL,4,4/7/2022 7:00,7987,193,2653,Black and orange glass with care despatch tape 48mmx75m,2653,7,38.4,4/7/2022,1,4,4/7/2022 7:00
1983,7,4/6/2022,2,2,4/26/2022,BC0280982,1,NULL,NULL,4,4/7/2022 7:00,7988,204,3057,Tape dispenser (Red),3057,7,170,4/7/2022,1,4,4/7/2022 7:00
1984,4,4/7/2022,7,2,4/27/2022,293092,1,NULL,NULL,4,4/8/2022 7:00,7989,77,3174,"""The Gu"" red shirt XML tag t-shirt (White) XXS",3174,6,84,4/8/2022,1,4,4/8/2022 7:00
1984,4,4/7/2022,7,2,4/27/2022,293092,1,NULL,NULL,4,4/8/2022 7:00,7990,78,3479,"""The Gu"" red shirt XML tag t-shirt (White) XS",3479,6,84,4/8/2022,1,4,4/8/2022 7:00
1984,4,4/7/2022,7,2,4/27/2022,293092,1,NULL,NULL,4,4/8/2022 7:00,7991,80,1715,"""The Gu"" red shirt XML tag t-shirt (White) M",1715,6,84,4/8/2022,1,4,4/8/2022 7:00
1984,4,4/7/2022,7,2,4/27/2022,293092,1,NULL,NULL,4,4/8/2022 7:00,7992,86,3557,"""The Gu"" red shirt XML tag t-shirt (White) 5XL",3557,6,96,4/8/2022,1,4,4/8/2022 7:00
1984,4,4/7/2022,7,2,4/27/2022,293092,1,NULL,NULL,4,4/8/2022 7:00,7993,95,1714,"""The Gu"" red shirt XML tag t-shirt (Black) XL",1714,6,90,4/8/2022,1,4,4/8/2022 7:00
1984,4,4/7/2022,7,2,4/27/2022,293092,1,NULL,NULL,4,4/8/2022 7:00,7994,98,3523,"""The Gu"" red shirt XML tag t-shirt (Black) 4XL",3523,6,96,4/8/2022,1,4,4/8/2022 7:00
1985,7,4/7/2022,2,2,4/27/2022,BC0280982,1,NULL,NULL,4,4/8/2022 7:00,7995,184,1502,Shipping carton (Brown) 305x305x305mm,1502,7,47.5,4/8/2022,1,4,4/8/2022 7:00
1985,7,4/7/2022,2,2,4/27/2022,BC0280982,1,NULL,NULL,4,4/8/2022 7:00,7996,193,2651,Black and orange glass with care despatch tape 48mmx75m,2651,7,38.4,4/8/2022,1,4,4/8/2022 7:00
1985,7,4/7/2022,2,2,4/27/2022,BC0280982,1,NULL,NULL,4,4/8/2022 7:00,7997,204,3056,Tape dispenser (Red),3056,7,170,4/8/2022,1,4,4/8/2022 7:00
1986,4,4/8/2022,7,2,4/28/2022,293092,1,NULL,NULL,8,4/11/2022 7:00,7998,77,3185,"""The Gu"" red shirt XML tag t-shirt (White) XXS",3185,6,84,4/11/2022,1,8,4/11/2022 7:00
1986,4,4/8/2022,7,2,4/28/2022,293092,1,NULL,NULL,8,4/11/2022 7:00,7999,78,3485,"""The Gu"" red shirt XML tag t-shirt (White) XS",3485,6,84,4/11/2022,1,8,4/11/2022 7:00
1986,4,4/8/2022,7,2,4/28/2022,293092,1,NULL,NULL,8,4/11/2022 7:00,8000,80,1725,"""The Gu"" red shirt XML tag t-shirt (White) M",1725,6,84,4/11/2022,1,8,4/11/2022 7:00
1986,4,4/8/2022,7,2,4/28/2022,293092,1,NULL,NULL,8,4/11/2022 7:00,8001,86,3564,"""The Gu"" red shirt XML tag t-shirt (White) 5XL",3564,6,96,4/11/2022,1,8,4/11/2022 7:00
1986,4,4/8/2022,7,2,4/28/2022,293092,1,NULL,NULL,8,4/11/2022 7:00,8002,95,1729,"""The Gu"" red shirt XML tag t-shirt (Black) XL",1729,6,90,4/11/2022,1,8,4/11/2022 7:00
1986,4,4/8/2022,7,2,4/28/2022,293092,1,NULL,NULL,8,4/11/2022 7:00,8003,98,3523,"""The Gu"" red shirt XML tag t-shirt (Black) 4XL",3523,6,96,4/11/2022,1,8,4/11/2022 7:00
1987,7,4/8/2022,2,2,4/28/2022,BC0280982,1,NULL,NULL,8,4/11/2022 7:00,8004,184,1501,Shipping carton (Brown) 305x305x305mm,1501,7,47.5,4/11/2022,1,8,4/11/2022 7:00
1987,7,4/8/2022,2,2,4/28/2022,BC0280982,1,NULL,NULL,8,4/11/2022 7:00,8005,193,2656,Black and orange glass with care despatch tape 48mmx75m,2656,7,38.4,4/11/2022,1,8,4/11/2022 7:00
1987,7,4/8/2022,2,2,4/28/2022,BC0280982,1,NULL,NULL,8,4/11/2022 7:00,8006,204,3056,Tape dispenser (Red),3056,7,170,4/11/2022,1,8,4/11/2022 7:00
1988,4,4/9/2022,7,2,4/29/2022,293092,1,NULL,NULL,8,4/11/2022 7:00,8007,77,1,"""The Gu"" red shirt XML tag t-shirt (White) XXS",1,6,84,4/11/2022,1,8,4/11/2022 7:00
1988,4,4/9/2022,7,2,4/29/2022,293092,1,NULL,NULL,8,4/11/2022 7:00,8008,78,9,"""The Gu"" red shirt XML tag t-shirt (White) XS",9,6,84,4/11/2022,1,8,4/11/2022 7:00
1988,4,4/9/2022,7,2,4/29/2022,293092,1,NULL,NULL,8,4/11/2022 7:00,8009,86,3,"""The Gu"" red shirt XML tag t-shirt (White) 5XL",3,6,96,4/11/2022,1,8,4/11/2022 7:00
1988,4,4/9/2022,7,2,4/29/2022,293092,1,NULL,NULL,8,4/11/2022 7:00,8010,95,5,"""The Gu"" red shirt XML tag t-shirt (Black) XL",5,6,90,4/11/2022,1,8,4/11/2022 7:00
1988,4,4/9/2022,7,2,4/29/2022,293092,1,NULL,NULL,8,4/11/2022 7:00,8011,98,16,"""The Gu"" red shirt XML tag t-shirt (Black) 4XL",16,6,96,4/11/2022,1,8,4/11/2022 7:00
1989,7,4/9/2022,2,2,4/29/2022,BC0280982,1,NULL,NULL,8,4/11/2022 7:00,8012,184,10,Shipping carton (Brown) 305x305x305mm,10,7,47.5,4/11/2022,1,8,4/11/2022 7:00
1989,7,4/9/2022,2,2,4/29/2022,BC0280982,1,NULL,NULL,8,4/11/2022 7:00,8013,204,7,Tape dispenser (Red),7,7,170,4/11/2022,1,8,4/11/2022 7:00
1990,4,4/11/2022,7,2,5/1/2022,293092,1,NULL,NULL,8,4/12/2022 7:00,8014,77,3184,"""The Gu"" red shirt XML tag t-shirt (White) XXS",3184,6,84,4/12/2022,1,8,4/12/2022 7:00
1990,4,4/11/2022,7,2,5/1/2022,293092,1,NULL,NULL,8,4/12/2022 7:00,8015,78,3509,"""The Gu"" red shirt XML tag t-shirt (White) XS",3509,6,84,4/12/2022,1,8,4/12/2022 7:00
1990,4,4/11/2022,7,2,5/1/2022,293092,1,NULL,NULL,8,4/12/2022 7:00,8016,80,1730,"""The Gu"" red shirt XML tag t-shirt (White) M",1730,6,84,4/12/2022,1,8,4/12/2022 7:00
1990,4,4/11/2022,7,2,5/1/2022,293092,1,NULL,NULL,8,4/12/2022 7:00,8017,86,3575,"""The Gu"" red shirt XML tag t-shirt (White) 5XL",3575,6,96,4/12/2022,1,8,4/12/2022 7:00
1990,4,4/11/2022,7,2,5/1/2022,293092,1,NULL,NULL,8,4/12/2022 7:00,8018,95,1730,"""The Gu"" red shirt XML tag t-shirt (Black) XL",1730,6,90,4/12/2022,1,8,4/12/2022 7:00
1990,4,4/11/2022,7,2,5/1/2022,293092,1,NULL,NULL,8,4/12/2022 7:00,8019,98,3550,"""The Gu"" red shirt XML tag t-shirt (Black) 4XL",3550,6,96,4/12/2022,1,8,4/12/2022 7:00
1991,7,4/11/2022,2,2,5/1/2022,BC0280982,1,NULL,NULL,8,4/12/2022 7:00,8020,184,1515,Shipping carton (Brown) 305x305x305mm,1515,7,47.5,4/12/2022,1,8,4/12/2022 7:00
1991,7,4/11/2022,2,2,5/1/2022,BC0280982,1,NULL,NULL,8,4/12/2022 7:00,8021,193,2661,Black and orange glass with care despatch tape 48mmx75m,2661,7,38.4,4/12/2022,1,8,4/12/2022 7:00
1991,7,4/11/2022,2,2,5/1/2022,BC0280982,1,NULL,NULL,8,4/12/2022 7:00,8022,204,3081,Tape dispenser (Red),3081,7,170,4/12/2022,1,8,4/12/2022 7:00
1992,4,4/12/2022,7,2,5/2/2022,293092,1,NULL,NULL,2,4/13/2022 7:00,8023,77,3192,"""The Gu"" red shirt XML tag t-shirt (White) XXS",3192,6,84,4/13/2022,1,2,4/13/2022 7:00
1992,4,4/12/2022,7,2,5/2/2022,293092,1,NULL,NULL,2,4/13/2022 7:00,8024,78,3514,"""The Gu"" red shirt XML tag t-shirt (White) XS",3514,6,84,4/13/2022,1,2,4/13/2022 7:00
1992,4,4/12/2022,7,2,5/2/2022,293092,1,NULL,NULL,2,4/13/2022 7:00,8025,80,1734,"""The Gu"" red shirt XML tag t-shirt (White) M",1734,6,84,4/13/2022,1,2,4/13/2022 7:00
1992,4,4/12/2022,7,2,5/2/2022,293092,1,NULL,NULL,2,4/13/2022 7:00,8026,86,3573,"""The Gu"" red shirt XML tag t-shirt (White) 5XL",3573,6,96,4/13/2022,1,2,4/13/2022 7:00
1992,4,4/12/2022,7,2,5/2/2022,293092,1,NULL,NULL,2,4/13/2022 7:00,8027,95,1726,"""The Gu"" red shirt XML tag t-shirt (Black) XL",1726,6,90,4/13/2022,1,2,4/13/2022 7:00
1992,4,4/12/2022,7,2,5/2/2022,293092,1,NULL,NULL,2,4/13/2022 7:00,8028,98,3548,"""The Gu"" red shirt XML tag t-shirt (Black) 4XL",3548,6,96,4/13/2022,1,2,4/13/2022 7:00
1993,7,4/12/2022,2,2,5/2/2022,BC0280982,1,NULL,NULL,2,4/13/2022 7:00,8029,184,1512,Shipping carton (Brown) 305x305x305mm,1512,7,47.5,4/13/2022,1,2,4/13/2022 7:00
1993,7,4/12/2022,2,2,5/2/2022,BC0280982,1,NULL,NULL,2,4/13/2022 7:00,8030,193,2659,Black and orange glass with care despatch tape 48mmx75m,2659,7,38.4,4/13/2022,1,2,4/13/2022 7:00
1993,7,4/12/2022,2,2,5/2/2022,BC0280982,1,NULL,NULL,2,4/13/2022 7:00,8031,204,3088,Tape dispenser (Red),3088,7,170,4/13/2022,1,2,4/13/2022 7:00
1994,4,4/13/2022,7,2,5/3/2022,293092,1,NULL,NULL,17,4/14/2022 7:00,8032,77,3199,"""The Gu"" red shirt XML tag t-shirt (White) XXS",3199,6,84,4/14/2022,1,17,4/14/2022 7:00
1994,4,4/13/2022,7,2,5/3/2022,293092,1,NULL,NULL,17,4/14/2022 7:00,8033,78,3512,"""The Gu"" red shirt XML tag t-shirt (White) XS",3512,6,84,4/14/2022,1,17,4/14/2022 7:00
1994,4,4/13/2022,7,2,5/3/2022,293092,1,NULL,NULL,17,4/14/2022 7:00,8034,80,1730,"""The Gu"" red shirt XML tag t-shirt (White) M",1730,6,84,4/14/2022,1,17,4/14/2022 7:00
1994,4,4/13/2022,7,2,5/3/2022,293092,1,NULL,NULL,17,4/14/2022 7:00,8035,86,3571,"""The Gu"" red shirt XML tag t-shirt (White) 5XL",3571,6,96,4/14/2022,1,17,4/14/2022 7:00
1994,4,4/13/2022,7,2,5/3/2022,293092,1,NULL,NULL,17,4/14/2022 7:00,8036,95,1723,"""The Gu"" red shirt XML tag t-shirt (Black) XL",1723,6,90,4/14/2022,1,17,4/14/2022 7:00
1994,4,4/13/2022,7,2,5/3/2022,293092,1,NULL,NULL,17,4/14/2022 7:00,8037,98,3555,"""The Gu"" red shirt XML tag t-shirt (Black) 4XL",3555,6,96,4/14/2022,1,17,4/14/2022 7:00
1995,7,4/13/2022,2,2,5/3/2022,BC0280982,1,NULL,NULL,17,4/14/2022 7:00,8038,184,1520,Shipping carton (Brown) 305x305x305mm,1520,7,47.5,4/14/2022,1,17,4/14/2022 7:00
1995,7,4/13/2022,2,2,5/3/2022,BC0280982,1,NULL,NULL,17,4/14/2022 7:00,8039,193,2659,Black and orange glass with care despatch tape 48mmx75m,2659,7,38.4,4/14/2022,1,17,4/14/2022 7:00
1995,7,4/13/2022,2,2,5/3/2022,BC0280982,1,NULL,NULL,17,4/14/2022 7:00,8040,204,3092,Tape dispenser (Red),3092,7,170,4/14/2022,1,17,4/14/2022 7:00
1996,4,4/14/2022,7,2,5/4/2022,293092,1,NULL,NULL,2,4/15/2022 7:00,8041,77,3197,"""The Gu"" red shirt XML tag t-shirt (White) XXS",3197,6,84,4/15/2022,1,2,4/15/2022 7:00
1996,4,4/14/2022,7,2,5/4/2022,293092,1,NULL,NULL,2,4/15/2022 7:00,8042,78,3524,"""The Gu"" red shirt XML tag t-shirt (White) XS",3524,6,84,4/15/2022,1,2,4/15/2022 7:00
1996,4,4/14/2022,7,2,5/4/2022,293092,1,NULL,NULL,2,4/15/2022 7:00,8043,80,1731,"""The Gu"" red shirt XML tag t-shirt (White) M",1731,6,84,4/15/2022,1,2,4/15/2022 7:00
1996,4,4/14/2022,7,2,5/4/2022,293092,1,NULL,NULL,2,4/15/2022 7:00,8044,86,3585,"""The Gu"" red shirt XML tag t-shirt (White) 5XL",3585,6,96,4/15/2022,1,2,4/15/2022 7:00
1996,4,4/14/2022,7,2,5/4/2022,293092,1,NULL,NULL,2,4/15/2022 7:00,8045,95,1719,"""The Gu"" red shirt XML tag t-shirt (Black) XL",1719,6,90,4/15/2022,1,2,4/15/2022 7:00
1996,4,4/14/2022,7,2,5/4/2022,293092,1,NULL,NULL,2,4/15/2022 7:00,8046,98,3556,"""The Gu"" red shirt XML tag t-shirt (Black) 4XL",3556,6,96,4/15/2022,1,2,4/15/2022 7:00
1997,7,4/14/2022,2,2,5/4/2022,BC0280982,1,NULL,NULL,2,4/15/2022 7:00,8047,184,1525,Shipping carton (Brown) 305x305x305mm,1525,7,47.5,4/15/2022,1,2,4/15/2022 7:00
1997,7,4/14/2022,2,2,5/4/2022,BC0280982,1,NULL,NULL,2,4/15/2022 7:00,8048,193,2657,Black and orange glass with care despatch tape 48mmx75m,2657,7,38.4,4/15/2022,1,2,4/15/2022 7:00
1997,7,4/14/2022,2,2,5/4/2022,BC0280982,1,NULL,NULL,2,4/15/2022 7:00,8049,204,3107,Tape dispenser (Red),3107,7,170,4/15/2022,1,2,4/15/2022 7:00
1998,4,4/15/2022,7,2,5/5/2022,293092,1,NULL,NULL,8,4/18/2022 7:00,8050,77,3215,"""The Gu"" red shirt XML tag t-shirt (White) XXS",3215,6,84,4/18/2022,1,8,4/18/2022 7:00
1998,4,4/15/2022,7,2,5/5/2022,293092,1,NULL,NULL,8,4/18/2022 7:00,8051,78,3529,"""The Gu"" red shirt XML tag t-shirt (White) XS",3529,6,84,4/18/2022,1,8,4/18/2022 7:00
1998,4,4/15/2022,7,2,5/5/2022,293092,1,NULL,NULL,8,4/18/2022 7:00,8052,80,1727,"""The Gu"" red shirt XML tag t-shirt (White) M",1727,6,84,4/18/2022,1,8,4/18/2022 7:00
1998,4,4/15/2022,7,2,5/5/2022,293092,1,NULL,NULL,8,4/18/2022 7:00,8053,86,3583,"""The Gu"" red shirt XML tag t-shirt (White) 5XL",3583,6,96,4/18/2022,1,8,4/18/2022 7:00
1998,4,4/15/2022,7,2,5/5/2022,293092,1,NULL,NULL,8,4/18/2022 7:00,8054,95,1720,"""The Gu"" red shirt XML tag t-shirt (Black) XL",1720,6,90,4/18/2022,1,8,4/18/2022 7:00
1998,4,4/15/2022,7,2,5/5/2022,293092,1,NULL,NULL,8,4/18/2022 7:00,8055,98,3562,"""The Gu"" red shirt XML tag t-shirt (Black) 4XL",3562,6,96,4/18/2022,1,8,4/18/2022 7:00
1999,7,4/15/2022,2,2,5/5/2022,BC0280982,1,NULL,NULL,8,4/18/2022 7:00,8056,184,1531,Shipping carton (Brown) 305x305x305mm,1531,7,47.5,4/18/2022,1,8,4/18/2022 7:00
1999,7,4/15/2022,2,2,5/5/2022,BC0280982,1,NULL,NULL,8,4/18/2022 7:00,8057,193,2657,Black and orange glass with care despatch tape 48mmx75m,2657,7,38.4,4/18/2022,1,8,4/18/2022 7:00
1999,7,4/15/2022,2,2,5/5/2022,BC0280982,1,NULL,NULL,8,4/18/2022 7:00,8058,204,3120,Tape dispenser (Red),3120,7,170,4/18/2022,1,8,4/18/2022 7:00
2000,4,4/16/2022,7,2,4/30/2022,293092,1,NULL,NULL,8,4/18/2022 7:00,8059,77,2,"""The Gu"" red shirt XML tag t-shirt (White) XXS",2,6,84,4/18/2022,1,8,4/18/2022 7:00
2000,4,4/16/2022,7,2,4/30/2022,293092,1,NULL,NULL,8,4/18/2022 7:00,8060,80,2,"""The Gu"" red shirt XML tag t-shirt (White) M",2,6,84,4/18/2022,1,8,4/18/2022 7:00
2000,4,4/16/2022,7,2,4/30/2022,293092,1,NULL,NULL,8,4/18/2022 7:00,8061,95,6,"""The Gu"" red shirt XML tag t-shirt (Black) XL",6,6,90,4/18/2022,1,8,4/18/2022 7:00
2000,4,4/16/2022,7,2,4/30/2022,293092,1,NULL,NULL,8,4/18/2022 7:00,8062,98,15,"""The Gu"" red shirt XML tag t-shirt (Black) 4XL",15,6,96,4/18/2022,1,8,4/18/2022 7:00
2001,7,4/16/2022,2,2,4/30/2022,BC0280982,1,NULL,NULL,8,4/18/2022 7:00,8063,184,11,Shipping carton (Brown) 305x305x305mm,11,7,47.5,4/18/2022,1,8,4/18/2022 7:00
2002,4,4/18/2022,7,2,5/8/2022,293092,1,NULL,NULL,17,4/19/2022 7:00,8064,77,3228,"""The Gu"" red shirt XML tag t-shirt (White) XXS",3228,6,84,4/19/2022,1,17,4/19/2022 7:00
2002,4,4/18/2022,7,2,5/8/2022,293092,1,NULL,NULL,17,4/19/2022 7:00,8065,78,3549,"""The Gu"" red shirt XML tag t-shirt (White) XS",3549,6,84,4/19/2022,1,17,4/19/2022 7:00
2002,4,4/18/2022,7,2,5/8/2022,293092,1,NULL,NULL,17,4/19/2022 7:00,8066,80,1725,"""The Gu"" red shirt XML tag t-shirt (White) M",1725,6,84,4/19/2022,1,17,4/19/2022 7:00
2002,4,4/18/2022,7,2,5/8/2022,293092,1,NULL,NULL,17,4/19/2022 7:00,8067,86,3579,"""The Gu"" red shirt XML tag t-shirt (White) 5XL",3579,6,96,4/19/2022,1,17,4/19/2022 7:00
2002,4,4/18/2022,7,2,5/8/2022,293092,1,NULL,NULL,17,4/19/2022 7:00,8068,95,1729,"""The Gu"" red shirt XML tag t-shirt (Black) XL",1729,6,90,4/19/2022,1,17,4/19/2022 7:00
2002,4,4/18/2022,7,2,5/8/2022,293092,1,NULL,NULL,17,4/19/2022 7:00,8069,98,3585,"""The Gu"" red shirt XML tag t-shirt (Black) 4XL",3585,6,96,4/19/2022,1,17,4/19/2022 7:00
2003,7,4/18/2022,2,2,5/8/2022,BC0280982,1,NULL,NULL,17,4/19/2022 7:00,8070,184,1541,Shipping carton (Brown) 305x305x305mm,1541,7,47.5,4/19/2022,1,17,4/19/2022 7:00
2003,7,4/18/2022,2,2,5/8/2022,BC0280982,1,NULL,NULL,17,4/19/2022 7:00,8071,193,2651,Black and orange glass with care despatch tape 48mmx75m,2651,7,38.4,4/19/2022,1,17,4/19/2022 7:00
2003,7,4/18/2022,2,2,5/8/2022,BC0280982,1,NULL,NULL,17,4/19/2022 7:00,8072,204,3118,Tape dispenser (Red),3118,7,170,4/19/2022,1,17,4/19/2022 7:00
2004,4,4/19/2022,7,2,5/9/2022,293092,1,NULL,NULL,7,4/20/2022 7:00,8073,77,3240,"""The Gu"" red shirt XML tag t-shirt (White) XXS",3240,6,84,4/20/2022,1,7,4/20/2022 7:00
2004,4,4/19/2022,7,2,5/9/2022,293092,1,NULL,NULL,7,4/20/2022 7:00,8074,78,3564,"""The Gu"" red shirt XML tag t-shirt (White) XS",3564,6,84,4/20/2022,1,7,4/20/2022 7:00
2004,4,4/19/2022,7,2,5/9/2022,293092,1,NULL,NULL,7,4/20/2022 7:00,8075,80,1738,"""The Gu"" red shirt XML tag t-shirt (White) M",1738,6,84,4/20/2022,1,7,4/20/2022 7:00
2004,4,4/19/2022,7,2,5/9/2022,293092,1,NULL,NULL,7,4/20/2022 7:00,8076,86,3580,"""The Gu"" red shirt XML tag t-shirt (White) 5XL",3580,6,96,4/20/2022,1,7,4/20/2022 7:00
2004,4,4/19/2022,7,2,5/9/2022,293092,1,NULL,NULL,7,4/20/2022 7:00,8077,95,1742,"""The Gu"" red shirt XML tag t-shirt (Black) XL",1742,6,90,4/20/2022,1,7,4/20/2022 7:00
2004,4,4/19/2022,7,2,5/9/2022,293092,1,NULL,NULL,7,4/20/2022 7:00,8078,98,3583,"""The Gu"" red shirt XML tag t-shirt (Black) 4XL",3583,6,96,4/20/2022,1,7,4/20/2022 7:00
2005,7,4/19/2022,2,2,5/9/2022,BC0280982,1,NULL,NULL,7,4/20/2022 7:00,8079,184,1561,Shipping carton (Brown) 305x305x305mm,1561,7,47.5,4/20/2022,1,7,4/20/2022 7:00
2005,7,4/19/2022,2,2,5/9/2022,BC0280982,1,NULL,NULL,7,4/20/2022 7:00,8080,193,2655,Black and orange glass with care despatch tape 48mmx75m,2655,7,38.4,4/20/2022,1,7,4/20/2022 7:00
2005,7,4/19/2022,2,2,5/9/2022,BC0280982,1,NULL,NULL,7,4/20/2022 7:00,8081,204,3119,Tape dispenser (Red),3119,7,170,4/20/2022,1,7,4/20/2022 7:00
2006,4,4/20/2022,7,2,5/10/2022,293092,1,NULL,NULL,7,4/21/2022 7:00,8082,77,3247,"""The Gu"" red shirt XML tag t-shirt (White) XXS",3247,6,84,4/21/2022,1,7,4/21/2022 7:00
2006,4,4/20/2022,7,2,5/10/2022,293092,1,NULL,NULL,7,4/21/2022 7:00,8083,78,3568,"""The Gu"" red shirt XML tag t-shirt (White) XS",3568,6,84,4/21/2022,1,7,4/21/2022 7:00
2006,4,4/20/2022,7,2,5/10/2022,293092,1,NULL,NULL,7,4/21/2022 7:00,8084,80,1734,"""The Gu"" red shirt XML tag t-shirt (White) M",1734,6,84,4/21/2022,1,7,4/21/2022 7:00
2006,4,4/20/2022,7,2,5/10/2022,293092,1,NULL,NULL,7,4/21/2022 7:00,8085,86,3578,"""The Gu"" red shirt XML tag t-shirt (White) 5XL",3578,6,96,4/21/2022,1,7,4/21/2022 7:00
2006,4,4/20/2022,7,2,5/10/2022,293092,1,NULL,NULL,7,4/21/2022 7:00,8086,95,1738,"""The Gu"" red shirt XML tag t-shirt (Black) XL",1738,6,90,4/21/2022,1,7,4/21/2022 7:00
2006,4,4/20/2022,7,2,5/10/2022,293092,1,NULL,NULL,7,4/21/2022 7:00,8087,98,3581,"""The Gu"" red shirt XML tag t-shirt (Black) 4XL",3581,6,96,4/21/2022,1,7,4/21/2022 7:00
2007,7,4/20/2022,2,2,5/10/2022,BC0280982,1,NULL,NULL,7,4/21/2022 7:00,8088,184,1558,Shipping carton (Brown) 305x305x305mm,1558,7,47.5,4/21/2022,1,7,4/21/2022 7:00
2007,7,4/20/2022,2,2,5/10/2022,BC0280982,1,NULL,NULL,7,4/21/2022 7:00,8089,193,2668,Black and orange glass with care despatch tape 48mmx75m,2668,7,38.4,4/21/2022,1,7,4/21/2022 7:00
2007,7,4/20/2022,2,2,5/10/2022,BC0280982,1,NULL,NULL,7,4/21/2022 7:00,8090,204,3135,Tape dispenser (Red),3135,7,170,4/21/2022,1,7,4/21/2022 7:00
2008,4,4/21/2022,7,2,5/11/2022,293092,1,NULL,NULL,17,4/22/2022 7:00,8091,77,3245,"""The Gu"" red shirt XML tag t-shirt (White) XXS",3245,6,84,4/22/2022,1,17,4/22/2022 7:00
2008,4,4/21/2022,7,2,5/11/2022,293092,1,NULL,NULL,17,4/22/2022 7:00,8092,78,3578,"""The Gu"" red shirt XML tag t-shirt (White) XS",3578,6,84,4/22/2022,1,17,4/22/2022 7:00
2008,4,4/21/2022,7,2,5/11/2022,293092,1,NULL,NULL,17,4/22/2022 7:00,8093,80,1734,"""The Gu"" red shirt XML tag t-shirt (White) M",1734,6,84,4/22/2022,1,17,4/22/2022 7:00
2008,4,4/21/2022,7,2,5/11/2022,293092,1,NULL,NULL,17,4/22/2022 7:00,8094,86,3611,"""The Gu"" red shirt XML tag t-shirt (White) 5XL",3611,6,96,4/22/2022,1,17,4/22/2022 7:00
2008,4,4/21/2022,7,2,5/11/2022,293092,1,NULL,NULL,17,4/22/2022 7:00,8095,95,1743,"""The Gu"" red shirt XML tag t-shirt (Black) XL",1743,6,90,4/22/2022,1,17,4/22/2022 7:00
2008,4,4/21/2022,7,2,5/11/2022,293092,1,NULL,NULL,17,4/22/2022 7:00,8096,98,3585,"""The Gu"" red shirt XML tag t-shirt (Black) 4XL",3585,6,96,4/22/2022,1,17,4/22/2022 7:00
2009,7,4/21/2022,2,2,5/11/2022,BC0280982,1,NULL,NULL,17,4/22/2022 7:00,8097,184,1555,Shipping carton (Brown) 305x305x305mm,1555,7,47.5,4/22/2022,1,17,4/22/2022 7:00
2009,7,4/21/2022,2,2,5/11/2022,BC0280982,1,NULL,NULL,17,4/22/2022 7:00,8098,193,2674,Black and orange glass with care despatch tape 48mmx75m,2674,7,38.4,4/22/2022,1,17,4/22/2022 7:00
2009,7,4/21/2022,2,2,5/11/2022,BC0280982,1,NULL,NULL,17,4/22/2022 7:00,8099,204,3139,Tape dispenser (Red),3139,7,170,4/22/2022,1,17,4/22/2022 7:00
2010,4,4/22/2022,7,2,5/12/2022,293092,1,NULL,NULL,17,4/25/2022 7:00,8100,77,3251,"""The Gu"" red shirt XML tag t-shirt (White) XXS",3251,6,84,4/25/2022,1,17,4/25/2022 7:00
2010,4,4/22/2022,7,2,5/12/2022,293092,1,NULL,NULL,17,4/25/2022 7:00,8101,78,3580,"""The Gu"" red shirt XML tag t-shirt (White) XS",3580,6,84,4/25/2022,1,17,4/25/2022 7:00
2010,4,4/22/2022,7,2,5/12/2022,293092,1,NULL,NULL,17,4/25/2022 7:00,8102,80,1733,"""The Gu"" red shirt XML tag t-shirt (White) M",1733,6,84,4/25/2022,1,17,4/25/2022 7:00
2010,4,4/22/2022,7,2,5/12/2022,293092,1,NULL,NULL,17,4/25/2022 7:00,8103,86,3621,"""The Gu"" red shirt XML tag t-shirt (White) 5XL",3621,6,96,4/25/2022,1,17,4/25/2022 7:00
2010,4,4/22/2022,7,2,5/12/2022,293092,1,NULL,NULL,17,4/25/2022 7:00,8104,95,1753,"""The Gu"" red shirt XML tag t-shirt (Black) XL",1753,6,90,4/25/2022,1,17,4/25/2022 7:00
2010,4,4/22/2022,7,2,5/12/2022,293092,1,NULL,NULL,17,4/25/2022 7:00,8105,98,3594,"""The Gu"" red shirt XML tag t-shirt (Black) 4XL",3594,6,96,4/25/2022,1,17,4/25/2022 7:00
2011,7,4/22/2022,2,2,5/12/2022,BC0280982,1,NULL,NULL,17,4/25/2022 7:00,8106,184,1556,Shipping carton (Brown) 305x305x305mm,1556,7,47.5,4/25/2022,1,17,4/25/2022 7:00
2011,7,4/22/2022,2,2,5/12/2022,BC0280982,1,NULL,NULL,17,4/25/2022 7:00,8107,193,2672,Black and orange glass with care despatch tape 48mmx75m,2672,7,38.4,4/25/2022,1,17,4/25/2022 7:00
2011,7,4/22/2022,2,2,5/12/2022,BC0280982,1,NULL,NULL,17,4/25/2022 7:00,8108,204,3144,Tape dispenser (Red),3144,7,170,4/25/2022,1,17,4/25/2022 7:00
2012,4,4/23/2022,7,2,5/7/2022,293092,1,NULL,NULL,17,4/25/2022 7:00,8109,98,19,"""The Gu"" red shirt XML tag t-shirt (Black) 4XL",19,6,96,4/25/2022,1,17,4/25/2022 7:00
2013,7,4/23/2022,2,2,5/7/2022,BC0280982,1,NULL,NULL,17,4/25/2022 7:00,8110,184,9,Shipping carton (Brown) 305x305x305mm,9,7,47.5,4/25/2022,1,17,4/25/2022 7:00
2013,7,4/23/2022,2,2,5/7/2022,BC0280982,1,NULL,NULL,17,4/25/2022 7:00,8111,193,7,Black and orange glass with care despatch tape 48mmx75m,7,7,38.4,4/25/2022,1,17,4/25/2022 7:00
2014,4,4/25/2022,7,2,5/15/2022,293092,1,NULL,NULL,10,4/26/2022 7:00,8112,77,3248,"""The Gu"" red shirt XML tag t-shirt (White) XXS",3248,6,84,4/26/2022,1,10,4/26/2022 7:00
2014,4,4/25/2022,7,2,5/15/2022,293092,1,NULL,NULL,10,4/26/2022 7:00,8113,78,3576,"""The Gu"" red shirt XML tag t-shirt (White) XS",3576,6,84,4/26/2022,1,10,4/26/2022 7:00
2014,4,4/25/2022,7,2,5/15/2022,293092,1,NULL,NULL,10,4/26/2022 7:00,8114,80,1733,"""The Gu"" red shirt XML tag t-shirt (White) M",1733,6,84,4/26/2022,1,10,4/26/2022 7:00
2014,4,4/25/2022,7,2,5/15/2022,293092,1,NULL,NULL,10,4/26/2022 7:00,8115,86,3626,"""The Gu"" red shirt XML tag t-shirt (White) 5XL",3626,6,96,4/26/2022,1,10,4/26/2022 7:00
2014,4,4/25/2022,7,2,5/15/2022,293092,1,NULL,NULL,10,4/26/2022 7:00,8116,95,1745,"""The Gu"" red shirt XML tag t-shirt (Black) XL",1745,6,90,4/26/2022,1,10,4/26/2022 7:00
2014,4,4/25/2022,7,2,5/15/2022,293092,1,NULL,NULL,10,4/26/2022 7:00,8117,98,3611,"""The Gu"" red shirt XML tag t-shirt (Black) 4XL",3611,6,96,4/26/2022,1,10,4/26/2022 7:00
2015,7,4/25/2022,2,2,5/15/2022,BC0280982,1,NULL,NULL,10,4/26/2022 7:00,8118,184,1562,Shipping carton (Brown) 305x305x305mm,1562,7,47.5,4/26/2022,1,10,4/26/2022 7:00
2015,7,4/25/2022,2,2,5/15/2022,BC0280982,1,NULL,NULL,10,4/26/2022 7:00,8119,193,2677,Black and orange glass with care despatch tape 48mmx75m,2677,7,38.4,4/26/2022,1,10,4/26/2022 7:00
2015,7,4/25/2022,2,2,5/15/2022,BC0280982,1,NULL,NULL,10,4/26/2022 7:00,8120,204,3138,Tape dispenser (Red),3138,7,170,4/26/2022,1,10,4/26/2022 7:00
2016,4,4/26/2022,7,2,5/16/2022,293092,1,NULL,NULL,2,4/27/2022 7:00,8121,77,3255,"""The Gu"" red shirt XML tag t-shirt (White) XXS",3255,6,84,4/27/2022,1,2,4/27/2022 7:00
2016,4,4/26/2022,7,2,5/16/2022,293092,1,NULL,NULL,2,4/27/2022 7:00,8122,78,3574,"""The Gu"" red shirt XML tag t-shirt (White) XS",3574,6,84,4/27/2022,1,2,4/27/2022 7:00
2016,4,4/26/2022,7,2,5/16/2022,293092,1,NULL,NULL,2,4/27/2022 7:00,8123,80,1729,"""The Gu"" red shirt XML tag t-shirt (White) M",1729,6,84,4/27/2022,1,2,4/27/2022 7:00
2016,4,4/26/2022,7,2,5/16/2022,293092,1,NULL,NULL,2,4/27/2022 7:00,8124,86,3632,"""The Gu"" red shirt XML tag t-shirt (White) 5XL",3632,6,96,4/27/2022,1,2,4/27/2022 7:00
2016,4,4/26/2022,7,2,5/16/2022,293092,1,NULL,NULL,2,4/27/2022 7:00,8125,95,1747,"""The Gu"" red shirt XML tag t-shirt (Black) XL",1747,6,90,4/27/2022,1,2,4/27/2022 7:00
2016,4,4/26/2022,7,2,5/16/2022,293092,1,NULL,NULL,2,4/27/2022 7:00,8126,98,3624,"""The Gu"" red shirt XML tag t-shirt (Black) 4XL",3624,6,96,4/27/2022,1,2,4/27/2022 7:00
2017,7,4/26/2022,2,2,5/16/2022,BC0280982,1,NULL,NULL,2,4/27/2022 7:00,8127,184,1576,Shipping carton (Brown) 305x305x305mm,1576,7,47.5,4/27/2022,1,2,4/27/2022 7:00
2017,7,4/26/2022,2,2,5/16/2022,BC0280982,1,NULL,NULL,2,4/27/2022 7:00,8128,193,2686,Black and orange glass with care despatch tape 48mmx75m,2686,7,38.4,4/27/2022,1,2,4/27/2022 7:00
2017,7,4/26/2022,2,2,5/16/2022,BC0280982,1,NULL,NULL,2,4/27/2022 7:00,8129,204,3141,Tape dispenser (Red),3141,7,170,4/27/2022,1,2,4/27/2022 7:00
2018,4,4/27/2022,7,2,5/17/2022,293092,1,NULL,NULL,14,4/28/2022 7:00,8130,77,3253,"""The Gu"" red shirt XML tag t-shirt (White) XXS",3253,6,84,4/28/2022,1,14,4/28/2022 7:00
2018,4,4/27/2022,7,2,5/17/2022,293092,1,NULL,NULL,14,4/28/2022 7:00,8131,78,3572,"""The Gu"" red shirt XML tag t-shirt (White) XS",3572,6,84,4/28/2022,1,14,4/28/2022 7:00
2018,4,4/27/2022,7,2,5/17/2022,293092,1,NULL,NULL,14,4/28/2022 7:00,8132,80,1729,"""The Gu"" red shirt XML tag t-shirt (White) M",1729,6,84,4/28/2022,1,14,4/28/2022 7:00
2018,4,4/27/2022,7,2,5/17/2022,293092,1,NULL,NULL,14,4/28/2022 7:00,8133,86,3643,"""The Gu"" red shirt XML tag t-shirt (White) 5XL",3643,6,96,4/28/2022,1,14,4/28/2022 7:00
2018,4,4/27/2022,7,2,5/17/2022,293092,1,NULL,NULL,14,4/28/2022 7:00,8134,95,1743,"""The Gu"" red shirt XML tag t-shirt (Black) XL",1743,6,90,4/28/2022,1,14,4/28/2022 7:00
2018,4,4/27/2022,7,2,5/17/2022,293092,1,NULL,NULL,14,4/28/2022 7:00,8135,98,3631,"""The Gu"" red shirt XML tag t-shirt (Black) 4XL",3631,6,96,4/28/2022,1,14,4/28/2022 7:00
2019,7,4/27/2022,2,2,5/17/2022,BC0280982,1,NULL,NULL,14,4/28/2022 7:00,8136,184,1573,Shipping carton (Brown) 305x305x305mm,1573,7,47.5,4/28/2022,1,14,4/28/2022 7:00
2019,7,4/27/2022,2,2,5/17/2022,BC0280982,1,NULL,NULL,14,4/28/2022 7:00,8137,193,2684,Black and orange glass with care despatch tape 48mmx75m,2684,7,38.4,4/28/2022,1,14,4/28/2022 7:00
2019,7,4/27/2022,2,2,5/17/2022,BC0280982,1,NULL,NULL,14,4/28/2022 7:00,8138,204,3145,Tape dispenser (Red),3145,7,170,4/28/2022,1,14,4/28/2022 7:00
2020,4,4/28/2022,7,2,5/18/2022,293092,1,NULL,NULL,6,4/29/2022 7:00,8139,77,3259,"""The Gu"" red shirt XML tag t-shirt (White) XXS",3259,6,84,4/29/2022,1,6,4/29/2022 7:00
2020,4,4/28/2022,7,2,5/18/2022,293092,1,NULL,NULL,6,4/29/2022 7:00,8140,78,3587,"""The Gu"" red shirt XML tag t-shirt (White) XS",3587,6,84,4/29/2022,1,6,4/29/2022 7:00
2020,4,4/28/2022,7,2,5/18/2022,293092,1,NULL,NULL,6,4/29/2022 7:00,8141,80,1752,"""The Gu"" red shirt XML tag t-shirt (White) M",1752,6,84,4/29/2022,1,6,4/29/2022 7:00
2020,4,4/28/2022,7,2,5/18/2022,293092,1,NULL,NULL,6,4/29/2022 7:00,8142,86,3651,"""The Gu"" red shirt XML tag t-shirt (White) 5XL",3651,6,96,4/29/2022,1,6,4/29/2022 7:00
2020,4,4/28/2022,7,2,5/18/2022,293092,1,NULL,NULL,6,4/29/2022 7:00,8143,95,1742,"""The Gu"" red shirt XML tag t-shirt (Black) XL",1742,6,90,4/29/2022,1,6,4/29/2022 7:00
2020,4,4/28/2022,7,2,5/18/2022,293092,1,NULL,NULL,6,4/29/2022 7:00,8144,98,3639,"""The Gu"" red shirt XML tag t-shirt (Black) 4XL",3639,6,96,4/29/2022,1,6,4/29/2022 7:00
2021,7,4/28/2022,2,2,5/18/2022,BC0280982,1,NULL,NULL,6,4/29/2022 7:00,8145,184,1576,Shipping carton (Brown) 305x305x305mm,1576,7,47.5,4/29/2022,1,6,4/29/2022 7:00
2021,7,4/28/2022,2,2,5/18/2022,BC0280982,1,NULL,NULL,6,4/29/2022 7:00,8146,193,2695,Black and orange glass with care despatch tape 48mmx75m,2695,7,38.4,4/29/2022,1,6,4/29/2022 7:00
2021,7,4/28/2022,2,2,5/18/2022,BC0280982,1,NULL,NULL,6,4/29/2022 7:00,8147,204,3153,Tape dispenser (Red),3153,7,170,4/29/2022,1,6,4/29/2022 7:00
2022,4,4/29/2022,7,2,5/19/2022,293092,1,NULL,NULL,4,5/2/2022 7:00,8148,77,3265,"""The Gu"" red shirt XML tag t-shirt (White) XXS",3265,6,84,5/2/2022,1,4,5/2/2022 7:00
2022,4,4/29/2022,7,2,5/19/2022,293092,1,NULL,NULL,4,5/2/2022 7:00,8149,78,3602,"""The Gu"" red shirt XML tag t-shirt (White) XS",3602,6,84,5/2/2022,1,4,5/2/2022 7:00
2022,4,4/29/2022,7,2,5/19/2022,293092,1,NULL,NULL,4,5/2/2022 7:00,8150,80,1748,"""The Gu"" red shirt XML tag t-shirt (White) M",1748,6,84,5/2/2022,1,4,5/2/2022 7:00
2022,4,4/29/2022,7,2,5/19/2022,293092,1,NULL,NULL,4,5/2/2022 7:00,8151,86,3660,"""The Gu"" red shirt XML tag t-shirt (White) 5XL",3660,6,96,5/2/2022,1,4,5/2/2022 7:00
2022,4,4/29/2022,7,2,5/19/2022,293092,1,NULL,NULL,4,5/2/2022 7:00,8152,95,1746,"""The Gu"" red shirt XML tag t-shirt (Black) XL",1746,6,90,5/2/2022,1,4,5/2/2022 7:00
2022,4,4/29/2022,7,2,5/19/2022,293092,1,NULL,NULL,4,5/2/2022 7:00,8153,98,3643,"""The Gu"" red shirt XML tag t-shirt (Black) 4XL",3643,6,96,5/2/2022,1,4,5/2/2022 7:00
2023,7,4/29/2022,2,2,5/19/2022,BC0280982,1,NULL,NULL,4,5/2/2022 7:00,8154,184,1590,Shipping carton (Brown) 305x305x305mm,1590,7,47.5,5/2/2022,1,4,5/2/2022 7:00
2023,7,4/29/2022,2,2,5/19/2022,BC0280982,1,NULL,NULL,4,5/2/2022 7:00,8155,193,2693,Black and orange glass with care despatch tape 48mmx75m,2693,7,38.4,5/2/2022,1,4,5/2/2022 7:00
2023,7,4/29/2022,2,2,5/19/2022,BC0280982,1,NULL,NULL,4,5/2/2022 7:00,8156,204,3157,Tape dispenser (Red),3157,7,170,5/2/2022,1,4,5/2/2022 7:00
2024,7,4/30/2022,2,2,5/20/2022,BC0280982,1,NULL,NULL,4,5/2/2022 7:00,8157,204,7,Tape dispenser (Red),7,7,170,5/2/2022,1,4,5/2/2022 7:00
